-0.37327,-0.49531,-0.16494,-0.10334,0.20665,0.31898,0.02382,0.31772
-0.36345,-0.36306,0.34938,0.27277,0.027606,0.068826,0.30551,0.30096
-0.75376,-0.55695,0.067506,0.004155,0.56103,0.29755,0.45241,0.52846
-0.14392,-0.37066,0.15636,0.12124,0.31279,0.49941,0.45762,0.34095
-0.64124,-0.62708,0.32238,0.37489,0.30508,0.43755,-0.013257,0.31903
-0.68074,-0.55633,-0.14119,0.027462,0.47643,0.27601,0.13034,0.38293
-0.32814,-0.42885,-0.016773,0.19806,-0.17069,0.038745,0.38609,0.56446
-0.1963,-0.26455,0.28081,0.12471,0.21848,0.089424,0.13825,0.075429
-0.5096,-0.61493,0.071854,0.052017,0.35774,0.38936,-0.069602,-0.039589
-0.40785,-0.56679,0.34713,0.39224,0.53531,0.46017,0.19369,0.32496
-0.45558,-0.63209,0.0010452,0.086922,0.41644,0.47683,0.16953,0.2371
-0.50354,-0.38586,-0.071733,0.041364,0.10917,0.18114,0.05924,0.079446
-0.44967,-0.52279,-0.21281,0.057996,0.3828,0.30573,0.46233,0.24027
-0.5591,-0.63196,-0.015312,-0.093755,0.29088,0.35474,0.32611,0.2284
-0.60238,-0.65779,0.41036,0.57641,0.67786,0.63489,-0.0031126,0.14912
-0.35165,-0.51178,0.071303,-0.036495,0.062127,0.1243,0.17477,0.29639
-0.30016,-0.19838,0.015376,0.16171,0.24326,0.32395,-0.077763,-0.066669
-0.18252,-0.32925,-0.0026404,0.23677,0.032262,0.22223,0.036573,0.031581
-0.50175,-0.65944,-0.062673,-0.07482,0.17644,0.079726,0.13354,-0.081887
-0.5844,-0.70477,0.25066,0.20357,0.5465,0.52101,0.10236,0.049889
-0.53398,-0.47613,0.043043,0.2123,0.37617,0.29359,0.28469,0.448
-0.39461,-0.2072,-0.058756,0.048736,0.23798,0.22416,0.19973,0.16689
-0.68531,-0.6235,-0.10549,-0.18235,0.49118,0.34278,0.42296,0.39995
-0.56141,-0.34596,0.073876,0.20292,0.32722,0.49731,0.0021135,0.11221
-0.76514,-0.59941,-0.12775,0.016088,0.10293,0.42649,-0.060558,0.25835
-0.34184,-0.35925,-0.010025,0.017632,0.24811,0.20779,0.23324,0.2705
-0.47953,-0.43464,0.34224,0.12478,0.2751,-0.030105,-0.13461,-0.015298
-0.64718,-0.60242,0.023026,0.067929,0.33283,0.31406,0.084579,0.08733
-0.69927,-0.51834,-0.28815,-0.34159,0.44894,0.33373,-0.024129,-0.040462
-0.61341,-0.44219,-0.2751,-0.13961,0.38752,0.45557,0.14708,0.23179
-0.34716,-0.46522,0.31168,0.31225,-0.29537,-0.29115,-0.057297,0.052799
-0.67358,-0.66591,-0.054742,-0.19593,0.30922,0.33143,-0.20668,-0.21633
-0.48924,-0.56697,-0.060669,0.12292,0.3585,0.36793,0.26989,0.42834
-0.35224,-0.26802,-0.47265,-0.28618,0.34871,0.44819,0.4233,0.47215
-0.34673,-0.445,-0.20223,-0.178,0.36475,0.29774,-0.11372,-0.16441
-0.28701,-0.14595,-0.0039225,-0.1175,0.42246,0.3375,-0.020964,-0.0029223
-0.30862,-0.31437,0.038323,0.11931,0.59559,0.54731,0.52557,0.45731
-0.50274,-0.32319,-0.19536,-0.076401,0.35567,0.14865,0.13332,0.079084
-0.65048,-0.58509,-0.026666,-0.17248,0.17689,0.13049,0.0025831,0.038294
-0.36394,-0.41337,-0.0079275,0.1405,0.21882,0.19971,0.081842,-0.16227
-0.45286,-0.53116,-0.030449,0.068751,0.17505,0.372,0.1686,0.16986
-0.42453,-0.11221,-0.0067852,-0.39416,0.17951,-0.085793,0.37718,0.082715
-0.69736,-0.64729,0.2848,0.32617,0.24129,0.33109,0.13429,0.096939
-0.41815,-0.40955,0.25203,0.23258,0.38336,0.38148,0.24678,0.15566
-0.40575,-0.46876,0.21059,0.33494,0.55152,0.4647,0.0624,0.1189
-0.46598,-0.35741,-0.054129,0.33,0.11445,0.39358,0.15104,0.476
-0.61776,-0.40629,0.20781,0.026955,0.44868,0.41194,0.5043,0.47384
-0.49225,-0.49794,-0.14374,-0.15003,0.41403,0.44781,0.19151,0.1764
-0.69869,-0.56236,-0.22699,-0.043115,0.27717,0.26368,-0.051749,0.22351
-0.62396,-0.50825,-0.16262,-0.20813,0.30436,0.14588,0.17705,0.13026
-0.31514,-0.29102,0.25802,0.33469,0.44188,0.46604,0.023661,0.25726
-0.46614,-0.50742,-0.03092,0.22585,0.20825,0.25548,0.11202,0.228
-0.2356,-0.40756,-0.18589,0.023461,0.306,0.268,-0.12517,-0.058278
-0.3097,-0.20407,0.26843,0.14295,0.49529,0.4889,-0.098994,0.10853
-0.46158,-0.68702,0.3628,0.3467,0.5649,0.63535,0.35694,0.26267
-0.47728,-0.39922,-0.045458,0.014318,0.23861,0.27767,0.13201,0.24742
-0.69032,-0.60127,-0.32835,-0.098022,0.5394,0.23277,0.3424,0.18892
-0.602,-0.6929,-0.062439,0.2702,0.11104,0.092764,0.3297,0.15157
-0.57984,-0.56835,-0.23021,-0.083151,0.38124,0.3031,0.29639,0.38772
-0.35057,-0.35576,-0.056889,-0.10044,0.53291,0.2145,0.59541,0.45329
-0.50366,-0.34421,0.031617,0.098546,0.36267,0.084412,0.2018,-0.0397
-0.4554,-0.5441,-0.22525,-0.24277,0.43726,0.42135,-0.039937,0.045908
-0.67206,-0.57238,0.12537,0.13634,0.33867,0.3356,0.22115,0.30971
-0.49042,-0.48833,-0.18971,0.092039,0.42714,0.46881,0.50193,0.35967
-0.53805,-0.51347,0.065733,0.00098987,0.49487,0.39488,0.37633,0.32146
-0.65129,-0.43559,0.078816,-0.063286,0.39001,0.27079,0.14857,0.10939
-0.57028,-0.53578,-0.052835,0.084068,0.38948,0.41001,-0.12649,0.15968
-0.50075,-0.29437,-0.062282,-0.044172,0.14887,0.1508,0.076796,0.2162
-0.53712,-0.49489,0.018473,0.21366,0.44834,0.48769,0.13644,0.32695
-0.58305,-0.48365,-0.0052386,0.1776,0.50781,0.52897,-0.018356,0.31223
-0.36189,-0.3002,0.10252,0.022499,0.35794,0.19032,0.19972,0.22175
-0.51412,-0.47623,0.21714,0.045487,0.35896,0.34022,-0.087299,0.0067116
-0.43579,-0.54137,0.065085,-0.19189,-0.30461,-0.23771,0.10712,-0.047144
-0.58489,-0.3329,0.24457,0.26915,0.34316,0.47563,-0.098646,0.085676
-0.57273,-0.59123,-0.081904,-0.13962,0.18449,0.16266,-0.40893,-0.45803
-0.6314,-0.67374,-0.013435,0.13948,0.45378,0.57499,0.48177,0.71496
-0.51482,-0.28039,0.20821,0.092935,0.25302,0.13601,-0.1231,0.023409
-0.57532,-0.60942,-0.10864,-0.20346,0.34204,0.17911,-0.094119,-0.086976
-0.48388,-0.47854,-0.32992,-0.2538,0.22552,0.14559,0.051252,0.04544
-0.6579,-0.57941,-0.2374,-0.30346,0.39223,0.30773,-0.014643,0.0098437
-0.58066,-0.58215,0.12784,0.20378,0.53435,0.33871,0.56196,0.58375
-0.67263,-0.54781,0.069121,-0.064835,0.60371,0.4352,0.22929,-0.084815
-0.49914,-0.42753,-0.038484,-0.042397,0.32092,0.23106,0.25362,0.28492
-0.53501,-0.59442,0.072477,0.071587,0.20098,0.27069,0.082579,0.49642
-0.53227,-0.52552,-0.0078084,0.058951,0.11467,0.28049,0.26859,0.49681
-0.33563,-0.39923,0.0071268,0.2039,0.43466,0.21546,-0.24419,-0.12396
-0.63872,-0.56965,0.11032,-0.2711,0.17747,0.14228,0.18437,0.15996
-0.60072,-0.52176,-0.034124,0.048437,0.46578,0.27703,0.399,0.16703
-0.54211,-0.57755,-0.2776,-0.22847,0.245,0.22991,0.22959,0.30795
-0.59209,-0.54044,0.27365,0.33699,0.54315,0.42404,0.15073,0.26255
-0.49536,-0.57186,-0.056453,0.1779,0.21192,0.54571,-0.10544,0.21975
-0.23681,-0.060565,-0.0098671,-0.0652,0.18446,0.18045,0.19249,0.27846
-0.66308,-0.29687,0.22383,0.2931,0.31476,0.1732,0.33077,0.30756
-0.61043,-0.47932,-0.014333,0.026436,0.37439,0.19561,0.21361,0.15297
-0.62319,-0.71661,-0.41114,-0.34387,-0.023736,0.22591,0.28651,0.34798
-0.68337,-0.52627,-0.28531,-0.13851,0.47919,0.28862,0.32199,0.41007
-0.51001,-0.50474,-0.18178,-0.059717,0.4046,0.48289,0.096024,0.22384
-0.52518,-0.56761,-0.16031,-0.39175,0.31324,0.096176,0.10202,0.087662
-0.47571,-0.58623,0.012237,0.047548,0.43052,0.42808,0.071615,-0.0036984
-0.5482,-0.49173,-0.040667,-0.16041,0.22152,0.29518,0.02772,0.087655
-0.57532,-0.4688,-0.32264,-0.23812,0.59014,0.27095,0.30554,0.084415
-0.33062,-0.27313,-0.035029,-0.032043,0.30477,0.2268,-0.076814,0.12829
-0.75442,-0.49058,0.11496,0.17831,0.2503,0.10405,0.36866,0.29275
-0.44876,-0.3756,0.23776,0.22665,-0.10419,-0.075376,0.43109,0.2139
-0.63671,-0.56706,-0.2073,-0.082995,0.49447,0.30865,0.39911,0.24015
-0.71098,-0.64733,0.055073,0.13455,0.44939,0.46013,0.028087,0.051347
-0.60891,-0.63104,-0.060446,-0.20507,0.38909,0.36119,0.29762,0.24477
-0.48945,-0.43824,0.1019,-0.089914,0.12667,0.17719,0.26787,0.16631
-0.61288,-0.40874,0.050816,-0.017497,0.38403,0.35059,-0.24467,0.053035
-0.57901,-0.47667,0.088914,0.16905,0.27525,0.13271,0.29145,0.30629
-0.55564,-0.62462,-0.12498,-0.19634,0.047642,0.048714,0.29438,0.31156
-0.071108,-0.40285,0.15031,0.17888,0.073172,-0.045242,0.16204,0.11302
-0.20065,-0.33065,0.016037,-0.008043,0.39069,-0.032256,-0.12204,-0.15584
-0.55726,-0.39889,0.0024074,0.083785,0.21731,0.47311,0.25964,0.50642
-0.69778,-0.66234,0.36679,0.35428,0.15136,0.0027998,-0.36123,-0.034212
-0.39048,-0.65927,-0.081759,-0.2744,0.36575,0.31473,0.15332,-0.0044725
-0.44797,-0.40199,-0.10528,-0.1179,0.19563,0.33246,0.062431,0.13784
-0.65956,-0.43768,0.079413,0.047259,0.39102,0.35551,0.54389,0.51104
-0.52266,-0.47509,-0.22389,-0.26834,0.44585,0.21974,0.20708,0.15998
-0.40934,-0.60708,-0.020744,0.027579,0.23597,0.07447,0.46831,0.49302
-0.37222,-0.376,0.20928,0.1349,0.34894,0.39047,0.35473,0.34018
-0.60706,-0.62489,-0.11684,-0.0074559,0.51066,0.28596,0.12063,0.02999
-0.48351,-0.47525,0.28415,0.12554,0.59921,0.58854,0.32324,0.36449
-0.24434,-0.26483,0.15145,0.1945,0.44965,0.54135,0.033872,0.21926
-0.38044,-0.21659,0.38665,0.19913,0.53321,0.44002,0.39737,0.54129
-0.77806,-0.59241,-0.19374,-0.047007,0.366,0.3819,0.41163,0.35856
-0.53808,-0.39654,-0.18875,0.071633,0.32263,0.17873,0.59388,0.35989
-0.3731,-0.29694,0.0026846,0.090759,0.22642,0.18653,0.097681,-0.049412
-0.44826,-0.48005,0.015355,-0.042147,0.37089,0.43651,0.08587,0.19684
-0.49849,-0.4751,-0.2075,-0.05793,0.22011,0.26621,0.35263,0.32459
-0.33917,-0.53979,0.11615,0.27788,0.30534,0.29084,0.30436,0.48063
-0.29031,-0.5173,-0.01931,-0.15341,-0.1206,0.31403,-0.024498,0.47196
-0.21905,-0.3116,-0.13861,-0.44529,0.24276,0.3261,0.10424,0.13297
-0.56005,-0.57257,0.092925,0.10506,0.35601,0.39374,0.51209,0.53921
-0.32159,-0.52241,0.04156,-0.019874,0.42962,0.33317,0.11604,0.1462
-0.57327,-0.6284,-0.021505,0.22342,-0.023508,0.043253,0.29086,0.49437
-0.43251,-0.21145,0.19463,-0.015769,0.35878,0.18715,0.25925,0.019398
-0.70844,-0.53325,-0.14825,0.10653,0.0048745,-0.0057161,0.37486,0.44144
-0.5383,-0.55397,0.17485,0.080628,0.1307,0.27829,0.26228,0.074731
-0.61725,-0.44181,0.058345,-0.054602,0.30635,0.41546,0.15231,0.15175
-0.55578,-0.55623,-0.37511,-0.40865,0.19179,0.2786,0.23028,0.32604
-0.52169,-0.52202,-0.18931,-0.10036,0.28338,0.22938,0.023479,0.047016
-0.55575,-0.56003,0.49386,0.28003,0.32311,0.35787,0.30006,0.34989
-0.65462,-0.68541,0.12726,0.16436,0.54817,0.54612,0.48189,0.35454
-0.41953,-0.40985,0.019228,0.091987,0.17693,0.26871,0.28763,0.39249
-0.088596,-0.1897,-0.26376,-0.18665,-0.054375,0.14122,-0.1764,0.00024789
-0.40067,-0.58056,0.0090136,0.08371,0.20811,0.14262,0.11295,0.12182
-0.65434,-0.567,-0.3586,-0.26937,0.4639,0.27433,0.065764,0.046693
-0.47813,-0.52443,-0.022667,-0.33997,0.6108,0.23375,0.15567,-0.16492
-0.031286,-0.19703,0.00023153,-0.22634,0.087648,0.1715,-0.050826,0.18175
-0.67328,-0.63018,0.22189,0.24164,0.51101,0.50743,0.33938,0.48097
-0.42552,-0.35602,0.013645,-0.1213,0.32533,0.13995,0.076642,0.14001
-0.35509,-0.28193,0.080511,0.25604,0.49773,0.4396,0.38949,0.35057
-0.45316,-0.44363,0.33799,0.11352,0.41442,0.4612,0.30051,0.14473
-0.60235,-0.73479,-0.27974,-0.27795,0.17339,0.36155,0.2809,0.41446
-0.4768,-0.33271,-0.25117,-0.20407,0.12844,0.30754,0.15272,0.042278
0.46915,0.50157,0.097987,-0.026477,-0.12597,-0.17177,0.014952,0.030369
-0.65599,-0.69591,0.23896,0.37674,0.64716,0.57698,0.19889,0.068744
-0.53257,-0.63695,-0.20679,-0.35678,0.34454,0.54433,0.059192,-0.18084
-0.57441,-0.55433,-0.29149,-0.31765,0.27208,0.14055,0.38042,0.36196
-0.6368,-0.52937,0.2018,0.064278,0.46573,0.45265,0.19801,0.18198
-0.6651,-0.52315,0.27233,0.069467,0.51748,0.33528,0.065806,0.049402
-0.19644,-0.36605,0.067378,0.25079,0.1151,0.16685,0.22158,0.19998
-0.67331,-0.68302,0.14152,0.087988,0.25224,0.2981,0.29109,0.38597
-0.55025,-0.70836,-0.31905,0.0044416,0.13148,0.35451,0.38679,0.64618
-0.54696,-0.69586,-0.12214,-0.043428,0.43555,0.43373,0.21294,0.24905
-0.53558,-0.60257,-0.18616,0.022902,0.35831,0.28043,0.22291,0.34177
0.08056,-0.1235,-0.191,-0.21303,0.46063,0.52686,0.12253,0.23426
-0.67472,-0.64676,-0.25366,-0.25542,0.40559,0.22081,0.45169,0.42558
-0.51492,-0.30383,0.22718,0.27407,0.47001,0.51153,0.4047,0.46937
-0.13784,-0.094025,-0.028129,0.08147,0.35426,0.26562,0.17519,-0.0030564
-0.55962,-0.48313,0.11643,-0.0001273,0.42002,0.45487,0.22634,0.1889
-0.63809,-0.43927,0.09317,0.14807,0.26491,0.28993,0.33682,0.31669
-0.61828,-0.73761,-0.014588,0.12522,0.28366,0.21464,0.051636,0.080085
-0.46813,-0.3967,0.0030014,-0.032413,0.40544,0.5429,0.29862,0.31748
-0.5544,-0.54381,-0.33424,-0.25109,0.40526,0.51831,0.0686,-0.013658
-0.51997,-0.61987,0.28402,0.16869,0.29392,0.52155,0.28795,0.17441
-0.68433,-0.63043,0.052216,0.24527,0.45414,0.53185,0.30768,0.55153
-0.70006,-0.70431,0.22882,0.10981,0.17079,0.12203,0.53686,0.49887
-0.54312,-0.62007,-0.1911,-0.065546,0.15401,0.10253,0.18346,0.12618
-0.76201,-0.68499,-0.087077,0.0015464,0.5488,0.51257,0.56681,0.46237
-0.55812,-0.51442,0.18137,0.18898,0.55772,0.41859,0.53819,0.41084
-0.51488,-0.60502,-0.51465,-0.33554,-0.17054,-0.1471,-0.039654,-0.080279
-0.45392,-0.19772,-0.23512,-0.25617,0.47584,0.30126,0.21136,0.17469
-0.6477,-0.54106,0.27453,0.39733,0.44558,0.48968,0.21152,0.18269
-0.6483,-0.51349,-0.12993,-0.11919,0.2162,0.21397,0.36927,0.42596
-0.12059,-0.21848,-0.13065,-0.12534,0.22393,0.19421,0.13613,0.1324
-0.4875,-0.41388,0.057569,-0.1107,0.387,0.26013,0.088326,0.032517
-0.53131,-0.58669,0.062966,-0.062703,-0.012765,-0.014947,0.40984,0.48368
-0.48056,-0.35278,-0.26697,0.071529,0.21857,0.015074,0.026658,-0.030784
-0.60464,-0.57565,0.35256,0.4194,0.36526,0.34934,0.091714,0.19086
-0.58656,-0.33074,-0.35593,-0.20876,0.46207,0.31937,0.2097,0.092885
-0.58338,-0.54534,-0.045741,0.23586,0.39741,0.33375,0.090614,0.024587
-0.35859,-0.40289,-0.089027,0.036084,0.38681,0.40557,0.51709,0.42594
-0.58604,-0.70281,0.056504,-0.066649,0.45488,0.40264,0.43752,0.17318
-0.073587,-0.18371,-0.095254,-0.21874,0.15762,0.10405,0.16231,0.19015
-0.33668,-0.40212,-0.20414,-0.15162,0.37939,0.26159,0.27791,0.16708
-0.49651,-0.53025,0.017431,-0.028257,0.33235,0.2558,-0.028805,0.034524
-0.35727,-0.60759,0.010068,0.18851,0.15628,0.31684,0.0021656,-0.029658
-0.52318,-0.56156,-0.11899,-0.098215,0.42161,0.27966,-0.031279,-0.072049
-0.54105,-0.60181,0.17969,0.1681,0.33781,0.35723,0.054656,0.27988
-0.60062,-0.68189,-0.24429,0.012495,0.40422,0.48164,0.20816,0.44576
-0.56428,-0.65715,0.06321,0.17962,0.59916,0.49049,-0.18981,-0.04591
-0.55318,-0.42803,-0.25353,0.094176,0.29658,0.32368,0.51162,0.37493
-0.61435,-0.55071,0.052793,0.024068,0.25275,0.11499,0.24686,0.37373
-0.5582,-0.53745,0.20614,0.14474,0.16565,0.39956,0.26641,0.47768
-0.62622,-0.47908,-0.30059,-0.29985,0.4375,0.42596,0.01102,0.14906
-0.39115,-0.53962,0.10893,0.16935,0.32007,0.24812,0.11657,0.073767
-0.6894,-0.59445,0.22609,0.21357,0.63673,0.44081,0.20995,0.27556
-0.4151,-0.54689,0.13237,-0.084097,0.010963,-0.057026,0.24328,0.2174
-0.64652,-0.62006,0.072738,-0.086675,0.26702,0.09219,0.15252,-0.15308
-0.50747,-0.58577,-0.0056201,0.13226,0.37436,0.42042,0.37827,0.40943
-0.591,-0.57147,-0.037992,0.048115,0.35731,0.32273,-0.092682,-0.093455
-0.50775,-0.63575,0.10521,0.21549,0.33024,0.32615,0.56246,0.57394
-0.49392,-0.49001,0.20665,0.33626,0.46782,0.36352,0.21564,0.26452
0.034501,-0.32585,-0.06521,0.058427,-0.22098,0.0026782,0.1859,0.29525
-0.67337,-0.62187,-0.4005,0.022081,0.32535,0.089378,0.40869,0.46071
-0.61162,-0.56976,0.1906,-0.024678,0.53478,0.60856,0.57183,0.43948
-0.40506,-0.49983,0.15926,0.26402,0.40093,0.42752,0.16645,0.22011
-0.29733,-0.23087,0.11722,0.25678,0.31728,0.32025,-0.33101,-0.23008
-0.58196,-0.4027,0.055675,-0.0089652,0.44229,0.17562,0.32731,0.21212
-0.35374,-0.38454,0.028242,-0.040931,0.23418,0.19612,0.063822,0.14965
-0.47187,-0.53468,-0.34408,-0.33334,0.37427,0.34726,0.046022,0.2446
-0.17498,-0.43244,0.090184,-0.20736,0.57185,0.23548,0.28773,0.10931
-0.30059,-0.27154,-0.16637,0.025892,0.28436,0.40788,0.22744,0.28025
-0.58319,-0.71345,-0.29618,-0.17648,-0.027598,0.21158,0.0062136,0.15845
-0.59799,-0.59698,-0.19108,-0.091654,0.38002,0.32616,0.51546,0.39249
-0.47286,-0.35868,-0.26651,0.084671,0.13578,0.44733,-0.31144,-0.070613
-0.20614,-0.27521,0.066765,0.072655,0.36793,0.4255,0.32279,0.02329
-0.61307,-0.49231,0.0011172,0.24423,0.20165,0.29103,0.25759,0.33436
-0.62918,-0.47171,-0.036599,0.0079872,0.39703,0.28108,-0.071687,-0.037663
-0.50372,-0.27488,-0.2888,-0.2554,-0.0014879,-0.05065,-0.073503,-0.18909
-0.46681,-0.60351,-0.13899,-0.0075823,0.033725,0.10228,0.21687,0.24964
-0.65156,-0.57404,-0.17534,-0.072212,0.18547,0.26702,-0.35829,-0.10072
-0.57052,-0.49976,0.15223,0.15029,0.19763,0.058618,0.35409,0.40042
-0.59591,-0.72376,0.023387,0.0063389,0.57387,0.54022,0.11603,0.11618
-0.51486,-0.52155,-0.062153,0.066792,0.51867,0.4204,0.21696,0.25479
-0.29322,-0.32791,0.15011,-0.09507,0.14378,0.18805,0.069907,0.039209
-0.57921,-0.57181,0.13249,0.13267,0.40614,0.48849,0.36664,0.54117
-0.65719,-0.50056,-0.30342,-0.11176,0.11427,0.21886,0.02081,0.28387
-0.53779,-0.59847,0.24092,0.30851,0.34808,0.41505,0.21099,0.19736
-0.37734,-0.38833,0.15099,-0.24055,-0.26171,-0.068371,0.55734,0.25782
-0.63697,-0.65368,0.15989,0.1694,0.56611,0.52248,0.15468,0.302
-0.35821,-0.56543,-0.092586,0.13003,0.34862,0.47712,-0.29749,-0.068712
-0.50631,-0.62357,-0.27031,0.080266,0.023596,0.0021465,0.41596,0.37788
-0.47628,-0.33831,0.1786,0.13246,0.34405,0.35723,0.34909,0.42697
-0.51914,-0.39356,0.08299,0.0034447,0.33451,0.28067,0.42431,0.44292
-0.4094,-0.082969,0.29247,0.078992,0.35834,0.15834,0.23053,0.16521
-0.52602,-0.4976,0.13826,-0.099143,0.51936,0.44209,0.11724,0.042795
-0.517,-0.71061,0.19094,0.12927,0.46877,0.3934,0.35224,0.30901
-0.59712,-0.66443,0.32349,0.29695,0.44267,0.43573,0.47499,0.4286
-0.69962,-0.57317,-0.38368,-0.077639,0.36304,0.14259,0.42908,0.15667
-0.33074,-0.45138,-0.064087,-0.015815,0.45194,0.11962,0.51763,0.1618
-0.14816,-0.23403,0.17664,0.036215,0.2157,0.32477,0.1456,0.27621
-0.7529,-0.61944,0.19197,0.10957,0.4478,0.41629,0.30853,0.40757
-0.48069,-0.54652,-0.18379,-0.0012641,0.48656,0.45994,0.27023,0.34113
-0.56929,-0.56914,-0.025637,0.049246,0.19489,0.36315,0.44289,0.48307
-0.66325,-0.58623,-0.10357,-0.044822,0.46833,0.57186,0.45155,0.64255
-0.6319,-0.6058,-0.348,-0.39423,0.52398,0.41018,0.10211,0.053629
-0.30126,-0.40716,-0.22439,-0.19736,0.26111,0.43094,0.032836,0.038927
-0.61677,-0.49845,0.16627,0.40859,0.37437,0.27596,0.22681,0.46491
-0.7409,-0.62844,0.052911,0.3103,0.57833,0.44034,-0.06989,0.21904
-0.61885,-0.43313,-0.012309,-0.039572,0.50766,0.25517,-0.087231,-0.0085919
-0.68163,-0.59751,-0.39962,-0.29384,0.26427,0.17625,0.44552,0.46619
-0.42977,-0.61436,0.079235,0.10695,0.41772,0.40466,0.22523,0.29974
-0.24443,-0.27224,0.051358,0.27063,0.13893,0.1768,0.22774,0.40353
-0.49686,-0.45984,0.30225,0.29628,0.37536,0.22646,0.038087,0.17632
-0.59307,-0.57638,-0.20301,-0.10713,0.351,0.30312,0.15577,0.31418
-0.58735,-0.49364,0.26761,0.38234,0.49582,0.30154,0.5003,0.3711
-0.49732,-0.39267,-0.047349,0.076708,0.071709,0.06779,0.031793,-0.057741
-0.6275,-0.49052,-0.11306,-0.28807,-0.27407,-0.36172,0.24706,0.28233
-0.55921,-0.60978,-0.064313,-0.017178,0.54745,0.49564,0.032161,0.17461
-0.5891,-0.6556,0.17131,0.24681,0.3108,0.24367,0.10398,0.11418
-0.65178,-0.47562,-0.19101,0.046996,0.4374,0.49252,0.23449,0.38832
-0.56921,-0.70484,0.41352,0.32951,-0.22137,-0.18721,0.02555,0.29291
-0.42536,-0.4888,-0.10797,-0.050279,0.47173,0.5035,0.21401,0.32438
-0.51006,-0.48313,0.029822,-0.082187,0.43183,0.35483,0.213,0.42765
-0.46059,-0.53841,-0.37257,-0.24016,-0.23975,-0.11919,0.39675,0.42655
-0.6491,-0.43522,0.15939,-0.1758,0.15025,0.22219,0.47003,0.40897
-0.4816,-0.44948,0.25235,0.43278,0.16648,0.049744,0.18417,0.24124
-0.73349,-0.60078,0.12708,0.15598,0.064851,0.1219,0.43084,0.38119
-0.51103,-0.51891,0.14232,0.24013,0.44665,0.56968,0.24418,0.27768
-0.61448,-0.56583,0.064572,0.24547,0.42862,0.25564,0.5021,0.37182
-0.42676,-0.40841,0.29808,0.12844,0.31998,0.41592,0.023754,0.0068693
-0.43158,-0.40443,-0.090057,0.075952,0.32316,0.4344,0.13321,0.10152
-0.48704,-0.6369,0.066131,0.10085,0.27108,0.42705,0.21038,0.3826
-0.58784,-0.51685,0.053913,0.06916,0.41831,0.52569,0.28524,0.13578
-0.40756,-0.39598,0.16253,0.14837,0.36341,0.40433,0.17248,0.18868
-0.64582,-0.54903,-0.3539,-0.14426,0.12902,0.12828,0.022113,0.0044424
-0.51047,-0.30432,0.10542,0.1887,0.49629,0.53922,0.12888,0.41897
-0.52327,-0.43697,-0.2521,-0.044204,0.072511,0.01621,-0.12961,0.045604
-0.22275,-0.44581,-0.18774,-0.23874,0.074407,0.30303,-0.18348,0.11274
-0.66144,-0.57372,0.34231,0.4561,0.3174,0.28916,0.094932,0.086533
-0.33192,-0.082457,-0.11123,0.21226,-0.15048,0.10886,-0.031298,0.18553
-0.48468,-0.30573,-0.014653,-0.23844,0.51869,0.40176,-0.069524,-0.16602
-0.66169,-0.60824,-0.035409,0.0050246,0.089698,0.057333,0.024512,0.15185
-0.12549,-0.3697,0.4189,0.097511,0.1627,0.50001,0.031474,0.29125
-0.34725,-0.4367,0.061177,0.018734,0.28481,0.30623,0.20967,0.27531
-0.71296,-0.67944,0.026792,-0.29133,0.09739,-0.22607,0.40629,0.049341
-0.37951,-0.54844,0.13432,0.0048508,0.17801,0.21209,-0.036223,0.12982
-0.45181,-0.54359,-0.021495,0.030223,0.11928,0.31054,0.40197,0.45091
-0.34924,-0.24569,0.26069,0.25407,0.30717,0.31656,0.15976,0.21229
-0.35839,-0.37209,0.037672,-0.010387,0.29198,0.07242,0.29716,0.17263
-0.33181,-0.27583,-0.093583,0.093329,0.077629,0.17156,-0.023395,0.010549
-0.48125,-0.46637,-0.0054043,0.048022,0.44728,0.25222,-0.0053464,0.070631
-0.54592,-0.37467,-0.16921,0.22809,0.41836,0.48666,0.42362,0.48285
-0.60656,-0.63651,0.15637,0.24638,0.39599,0.2234,0.060665,0.20723
-0.59805,-0.56433,0.079542,0.049496,0.49059,0.36243,0.72483,0.47277
-0.64919,-0.71954,0.053935,0.018096,0.25102,0.28191,0.17662,0.27587
-0.6779,-0.71768,-0.25029,-0.2191,0.55136,0.57597,0.26898,0.4073
-0.38761,-0.56867,-0.085071,-0.064756,-0.56148,-0.48462,0.33783,0.25974
-0.5743,-0.52823,-0.064331,0.039193,0.56382,0.6215,-0.13636,0.095067
-0.57956,-0.62699,-0.24453,-0.32496,0.12101,0.32524,-0.20545,0.30594
-0.44166,-0.48744,-0.50575,-0.46272,0.040944,0.22285,0.11676,0.18722
-0.49554,-0.46729,0.080502,0.13569,0.34117,0.25001,0.25483,0.20085
-0.53325,-0.31793,0.13555,0.17614,0.37661,0.51793,0.007349,0.17949
-0.6617,-0.62156,0.13536,0.21463,0.3197,0.36905,0.54638,0.62632
-0.37461,-0.22881,0.11191,-0.1167,0.038832,-0.084008,0.3166,0.26173
-0.5337,-0.57509,-0.023472,-0.088166,0.32763,0.09656,0.31882,0.20093
-0.57542,-0.36068,0.27635,0.46921,0.34647,0.15919,0.5097,0.5134
-0.5896,-0.61126,0.070102,-0.05178,0.19295,0.17847,0.015068,-0.028052
-0.54154,-0.48839,0.13649,-0.16186,0.3889,0.33572,0.31991,0.39448
-0.67998,-0.46914,0.10485,0.10936,0.55392,0.34242,0.23301,0.24971
-0.70667,-0.67288,-0.24775,-0.30825,0.018433,0.032224,0.26233,0.15546
-0.63855,-0.41302,0.14016,0.14022,0.29995,0.33065,0.24916,0.32031
-0.51761,-0.4623,0.089975,-0.14142,0.34557,0.096838,0.013911,0.001349
-0.49358,-0.57595,0.25603,0.18833,0.58969,0.50215,0.40642,0.36537
-0.65686,-0.67454,-0.08587,-0.15071,0.7159,0.58803,0.17799,0.10603
-0.45426,-0.59797,0.0020855,0.13398,0.41681,0.4627,0.52758,0.51914
-0.58598,-0.62222,0.1017,0.27656,0.38337,0.34621,0.23082,0.32187
-0.43673,-0.44696,-0.021696,-0.20162,0.25077,0.21613,0.21747,0.21874
-0.26469,-0.28233,-0.01144,0.12884,0.4106,0.3735,0.0071866,0.29326
-0.4359,-0.38472,0.0253,0.10047,0.43418,0.43434,0.010565,0.21176
-0.66674,-0.67303,0.22449,0.21646,0.4391,0.48011,0.34466,0.4996
-0.62403,-0.56958,0.37551,0.52201,0.44107,0.60683,-0.12956,0.10622
-0.67314,-0.70244,-0.19098,-0.25292,0.25316,0.045293,0.098978,-0.22801
-0.61701,-0.61078,0.096031,0.24441,0.30091,0.29008,-0.19537,-0.18126
-0.67517,-0.55859,-0.13331,-0.0017314,-0.018396,-0.080611,0.45593,0.25646
-0.50803,-0.54368,0.11657,0.26394,0.2669,0.23331,0.27029,0.31177
-0.55082,-0.72485,0.20192,0.37123,0.3752,0.38263,0.51136,0.48315
-0.66023,-0.48366,-0.1089,-0.14208,0.39598,0.28269,0.38338,0.17889
-0.55486,-0.4672,-0.11734,-0.098229,0.32809,0.35752,0.26674,0.1814
-0.41433,-0.43793,0.03981,0.094735,0.42059,0.66605,0.40398,0.55545
-0.52669,-0.69463,-0.093114,-0.080162,0.55808,0.24665,-0.084966,0.22475
-0.57257,-0.47233,-0.23918,-0.10951,0.25946,0.1758,0.24638,0.19407
-0.66053,-0.68464,0.23636,0.39289,0.26778,0.35861,0.34766,0.64645
-0.53211,-0.6375,-0.21351,-0.25669,0.4228,0.41244,0.082422,-0.027781
-0.5518,-0.46775,-0.027427,-0.0077485,0.47546,0.45851,0.38551,0.24832
-0.50217,-0.32047,-0.15966,-0.27569,0.13884,-0.16589,0.27906,0.084904
-0.4657,-0.62858,0.12832,0.054343,0.36268,0.52751,0.49237,0.31005
-0.3906,-0.56558,0.069702,-0.13202,0.46011,0.41804,0.14002,0.26276
-0.36822,-0.31666,0.20448,-0.015927,0.30776,0.1661,0.2533,0.19717
-0.57086,-0.52942,-0.16564,-0.07296,0.16783,0.13009,0.13659,0.16186
-0.70222,-0.57134,-0.14863,0.012348,0.46714,0.40964,0.2334,0.37172
-0.59808,-0.57872,-0.047142,0.040471,0.081831,0.013963,0.10638,0.40154
-0.59774,-0.72243,0.43631,0.34196,0.51924,0.58264,0.32979,0.36473
-0.61969,-0.56778,-0.0079304,-0.054232,0.26676,0.39857,0.48168,0.48757
-0.53384,-0.48284,-0.044115,-0.2506,0.28214,0.068014,0.30578,0.24492
-0.59572,-0.55967,0.26569,0.19708,0.50835,0.49535,0.21322,-0.01785
-0.67656,-0.5746,-0.2469,-0.093773,0.17384,0.0097424,0.012859,0.16727
-0.38892,-0.38847,-0.055499,0.24235,0.061254,0.32544,-0.08849,0.18785
-0.44003,-0.33789,-0.29806,-0.35945,-0.2534,-0.16192,-0.054954,0.046987
-0.60719,-0.59012,0.15159,-0.06238,0.57788,0.45807,0.27691,0.029645
-0.47548,-0.68496,0.053554,0.16214,0.18677,0.24621,0.064257,0.46262
-0.59715,-0.49248,-0.15163,0.039596,0.25753,0.42437,0.14004,0.44763
-0.78209,-0.68585,-0.33713,-0.0054867,0.14372,0.21548,0.2317,0.36288
-0.56124,-0.42959,-0.23476,-0.11532,0.18506,0.36837,0.26521,0.54914
-0.069506,-0.20386,0.43095,0.27543,-0.014096,0.17275,0.43585,0.57724
-0.53244,-0.54086,0.0088216,0.050806,0.35699,0.32359,-0.012066,-0.1069
-0.14986,-0.016535,0.099855,0.05263,0.16372,0.21374,0.33767,0.34802
-0.42831,-0.3966,-0.0045426,0.21636,0.19983,0.12042,0.12062,0.35135
-0.5873,-0.65382,0.057053,0.13783,0.52993,0.64048,0.59693,0.53699
-0.63096,-0.64113,0.25556,0.2019,0.57047,0.58699,0.13803,0.14988
-0.66832,-0.64642,0.33898,0.23594,0.52891,0.38554,0.20466,0.15573
-0.52276,-0.5018,0.16106,0.16473,0.54567,0.32935,0.20478,0.44855
-0.50066,-0.50655,0.023375,0.085081,0.35333,0.49489,0.23594,0.29063
-0.68172,-0.62241,0.15486,0.23133,0.28288,0.091896,0.39307,0.32377
-0.54156,-0.35253,0.012371,-0.21275,0.39325,0.3203,0.03345,0.050355
-0.097371,-0.10453,-0.057278,0.24152,0.011089,0.22599,-0.13031,-0.024998
-0.2767,-0.16816,0.23266,0.19744,0.49187,0.4646,0.16942,0.0074164
-0.49858,-0.74942,0.38487,0.49688,0.43618,0.41368,0.48086,0.56028
-0.66521,-0.5435,0.045179,0.25334,0.20536,0.13546,0.42495,0.40475
-0.4528,-0.59173,-0.10425,-0.31236,0.27079,0.044803,0.070614,-0.0014269
-0.52699,-0.62814,0.13566,0.22371,0.32754,0.18357,-0.12579,-0.17861
-0.42065,-0.56333,-0.07999,-0.092816,0.46048,0.37474,0.065535,-0.12576
-0.47663,-0.5778,0.081371,0.15429,0.28944,0.25326,0.072964,0.21162
-0.67558,-0.48758,0.45746,0.095341,0.11806,0.29545,0.43475,0.32668
-0.48021,-0.64259,0.11432,0.24084,0.24398,0.25827,0.073885,0.1905
-0.32964,-0.2705,0.027647,0.23791,0.10909,0.29879,-0.056821,0.2837
-0.41001,-0.32556,0.071845,-0.03305,0.2433,0.28956,0.093465,-0.0050625
-0.52631,-0.61675,0.15374,0.21274,0.076182,0.31345,-0.11141,0.2415
-0.56157,-0.55353,0.033616,0.099176,0.36934,0.39395,0.5328,0.56946
-0.52704,-0.43949,-0.11943,0.021191,0.2968,0.35951,0.20483,-0.07384
-0.43136,-0.68308,0.16971,0.30523,-0.11553,0.11148,-0.08888,-0.025745
-0.55067,-0.58075,-0.3361,-0.29872,-0.077889,0.066279,-0.058493,-0.071607
-0.62023,-0.64661,-0.092077,-0.020055,0.045932,0.01063,0.60008,0.56665
-0.28476,-0.38825,-0.077601,0.11646,0.37586,0.42641,0.050499,0.19997
-0.2113,-0.40006,-0.042124,-0.1313,0.33084,0.38256,0.25938,0.36699
-0.52676,-0.34058,0.043164,-0.026586,0.13119,-0.0041603,0.54896,0.55096
-0.50335,-0.39062,0.10866,0.015321,0.13322,0.2032,0.49215,0.46824
-0.66464,-0.57594,0.12543,0.25393,0.32071,0.27355,0.046309,0.15181
-0.29342,-0.29454,-0.0042165,0.12999,0.43027,0.29545,0.015791,0.0016513
-0.50046,-0.45756,0.054689,0.040392,0.41309,0.42175,0.15142,0.17339
-0.62729,-0.65654,-0.039784,-0.072728,0.44006,0.35259,0.048578,0.022093
-0.63535,-0.56728,0.1138,0.05096,0.24265,0.22621,0.12822,0.16499
-0.50607,-0.49584,0.1489,0.11577,0.2842,0.34419,0.25921,0.1766
-0.50394,-0.51837,0.013413,0.15406,0.52962,0.42777,0.45878,0.3962
-0.55429,-0.45157,0.28448,0.30432,0.17928,0.22332,0.31512,0.45341
-0.57588,-0.58292,0.087694,-0.2719,0.3169,0.28447,0.16435,0.090456
-0.62823,-0.65848,0.20397,0.20893,0.32294,0.31037,0.14289,0.33596
-0.11845,-0.24832,0.16703,0.1266,0.08341,0.21035,0.18868,0.35429
-0.5487,-0.56066,-0.26904,-0.43877,0.22122,0.097754,0.21377,0.3637
-0.28132,-0.45706,0.0066027,-0.018715,0.19024,0.13143,0.10067,0.13261
-0.54387,-0.79546,-0.31132,-0.018816,0.20169,0.21276,0.50027,0.46927
-0.28828,-0.42631,-0.21832,-0.21538,0.15181,0.34459,0.29103,0.59239
-0.54567,-0.6025,-0.023275,0.091912,0.18054,0.06924,0.32329,0.38134
-0.53079,-0.37078,0.23245,0.070928,0.19486,0.28058,-0.1795,0.099386
-0.61237,-0.64007,-0.21554,-0.02284,0.55444,0.47738,0.25269,0.26919
-0.66665,-0.73702,0.039042,0.13422,0.27373,0.19177,0.50178,0.39382
-0.5801,-0.61024,-0.29482,-0.32819,0.095107,-0.21385,0.51606,0.29668
-0.46964,-0.4188,0.24991,0.14789,0.45164,0.24322,0.21753,0.0015566
-0.34943,-0.37061,0.11356,0.23203,0.49922,0.52035,0.22727,0.22125
-0.39871,-0.46617,0.045937,-0.16695,0.41808,0.36066,0.077391,0.18871
-0.48267,-0.39592,0.27242,0.20115,0.36105,0.50359,0.14848,0.15875
-0.54829,-0.57343,-0.094525,-0.063297,0.21352,0.21157,0.31117,0.25962
-0.70391,-0.64734,0.045728,0.13601,0.54,0.49483,0.4903,0.53644
-0.38175,-0.20618,-0.21199,0.0016822,0.20801,0.43939,-0.08839,0.13327
-0.45733,-0.63339,0.18244,0.15311,0.25207,0.24504,0.1139,0.016211
-0.43994,-0.35902,0.007603,-0.0090992,0.32123,0.22407,0.059087,-0.053667
-0.25695,-0.27942,0.19555,0.24504,0.25976,0.1627,0.3766,0.33982
-0.69978,-0.73183,-0.26723,-0.01099,0.33725,0.30534,-0.17294,-0.14368
-0.41362,-0.32717,0.19371,0.098614,0.19077,0.16026,0.063757,0.11658
-0.68834,-0.60184,0.054115,0.054287,0.26219,0.29247,0.51654,0.33163
-0.34768,-0.49717,0.035221,0.13746,0.34177,0.24073,0.43062,0.39307
-0.04868,-0.48427,0.091107,0.045296,0.1406,0.30914,-0.23986,-0.038124
-0.50991,-0.67426,-0.047841,-0.27049,0.43095,0.35369,0.11322,0.12565
-0.66439,-0.58662,-0.20207,-0.076255,0.56163,0.59267,0.29414,0.32594
-0.63553,-0.67575,0.12305,0.090749,0.50274,0.46866,0.25153,0.45385
-0.57147,-0.675,-0.25819,-0.16022,0.099909,0.068062,0.24688,0.16601
-0.71756,-0.71509,-0.067875,0.0013955,0.38645,0.2786,0.10733,0.13337
-0.50251,-0.59206,0.048982,-0.0099375,0.52346,0.62001,0.075393,0.12776
-0.33472,-0.27432,0.080819,-0.046965,0.28502,0.21777,-0.27397,-0.068713
-0.57575,-0.40432,0.018612,0.3975,0.32962,0.38513,-0.022102,0.01729
-0.53511,-0.54885,0.25152,0.10288,-0.12829,-0.11118,0.2573,0.41056
-0.43904,-0.45522,0.0080165,0.13373,0.24189,0.11467,0.031161,0.18348
-0.51721,-0.51538,0.23854,0.11444,0.42115,0.32961,0.04755,-0.048835
-0.70702,-0.69651,0.081027,0.080524,0.4347,0.22728,0.54177,0.41532
-0.4549,-0.52168,0.013155,-0.043485,0.52628,0.45349,-0.0031335,-0.07723
-0.36485,-0.47415,0.055498,0.18802,0.40041,0.30258,0.30646,0.23655
-0.55927,-0.59321,-0.20895,-0.28152,-0.022561,-0.053493,0.38382,0.26378
-0.65863,-0.61446,0.21298,0.24112,0.13848,0.21974,0.13783,0.32108
-0.379,-0.43445,-0.23729,0.013618,0.2551,0.19899,0.0257,0.054609
-0.35821,-0.24792,0.087171,-0.071055,0.49322,0.41337,0.48597,0.43203
-0.56744,-0.4659,0.075108,0.22046,0.31304,0.41632,0.11334,0.24134
-0.13637,-0.21811,0.075965,0.046334,0.44064,0.44412,0.13629,0.17702
-0.35415,-0.39354,-0.25246,-0.28382,0.48813,0.25586,0.14805,0.50708
-0.21529,-0.42544,0.20459,0.076451,0.0088227,0.40811,0.11065,0.50589
